﻿--
-- Script was generated by Devart dbForge Studio for MySQL, Version 8.0.40.0
-- Product home page: http://www.devart.com/dbforge/mysql/studio
-- Script date 04/09/2023 18:51:43
-- Server version: 5.5.5-10.1.40-MariaDB
-- Client version: 4.1
--

-- 
-- Disable foreign keys
-- 
/*!40014 SET @OLD_FOREIGN_KEY_CHECKS=@@FOREIGN_KEY_CHECKS, FOREIGN_KEY_CHECKS=0 */;

-- 
-- Set SQL mode
-- 
/*!40101 SET @OLD_SQL_MODE=@@SQL_MODE, SQL_MODE='NO_AUTO_VALUE_ON_ZERO' */;

-- 
-- Set character set the client will use to send SQL statements to the server
--
SET NAMES 'utf8';

--
-- Set default database
--
USE informtienda;

--
-- Drop table `reparaciones`
--
DROP TABLE IF EXISTS reparaciones;

--
-- Drop table `empleados`
--
DROP TABLE IF EXISTS empleados;

--
-- Drop table `r_ventas_productos`
--
DROP TABLE IF EXISTS r_ventas_productos;

--
-- Drop table `productos`
--
DROP TABLE IF EXISTS productos;

--
-- Drop table `telefonos_proveedores`
--
DROP TABLE IF EXISTS telefonos_proveedores;

--
-- Drop table `proveedores`
--
DROP TABLE IF EXISTS proveedores;

--
-- Drop table `ventas`
--
DROP TABLE IF EXISTS ventas;

--
-- Drop table `tickets`
--
DROP TABLE IF EXISTS tickets;

--
-- Set default database
--
USE informtienda;

--
-- Create table `tickets`
--
CREATE TABLE tickets (
  cd_ticket varchar(6) NOT NULL,
  dni varchar(9) DEFAULT NULL,
  nombre varchar(20) DEFAULT NULL,
  apellidos varchar(50) DEFAULT NULL,
  direccion varchar(50) DEFAULT NULL,
  email varchar(50) DEFAULT NULL,
  telefono varchar(15) DEFAULT NULL,
  password varchar(64) NOT NULL,
  PRIMARY KEY (cd_ticket)
)
ENGINE = INNODB,
AVG_ROW_LENGTH = 1260,
CHARACTER SET utf8,
COLLATE utf8_general_ci;

--
-- Create table `ventas`
--
CREATE TABLE ventas (
  n_venta int(11) NOT NULL AUTO_INCREMENT,
  f_entrega date NOT NULL,
  cd_ticket varchar(6) NOT NULL,
  PRIMARY KEY (n_venta)
)
ENGINE = INNODB,
AUTO_INCREMENT = 14,
AVG_ROW_LENGTH = 1260,
CHARACTER SET utf8,
COLLATE utf8_general_ci;

--
-- Create foreign key
--
ALTER TABLE ventas
ADD CONSTRAINT fk_ventas_tickets FOREIGN KEY (cd_ticket)
REFERENCES tickets (cd_ticket) ON DELETE CASCADE ON UPDATE CASCADE;

--
-- Create table `proveedores`
--
CREATE TABLE proveedores (
  cd_proveedor int(11) NOT NULL AUTO_INCREMENT,
  nif varchar(9) NOT NULL,
  nombre varchar(20) NOT NULL,
  direccion varchar(50) NOT NULL,
  email varchar(50) NOT NULL,
  PRIMARY KEY (cd_proveedor)
)
ENGINE = INNODB,
AUTO_INCREMENT = 14,
AVG_ROW_LENGTH = 1260,
CHARACTER SET utf8,
COLLATE utf8_general_ci;

--
-- Create table `telefonos_proveedores`
--
CREATE TABLE telefonos_proveedores (
  telefono varchar(18) NOT NULL,
  cd_proveedor int(11) NOT NULL,
  PRIMARY KEY (telefono)
)
ENGINE = INNODB,
AVG_ROW_LENGTH = 585,
CHARACTER SET utf8,
COLLATE utf8_general_ci;

--
-- Create foreign key
--
ALTER TABLE telefonos_proveedores
ADD CONSTRAINT fk_telefonos_proveedores FOREIGN KEY (cd_proveedor)
REFERENCES proveedores (cd_proveedor) ON DELETE CASCADE ON UPDATE CASCADE;

--
-- Create table `productos`
--
CREATE TABLE productos (
  cd_producto int(11) NOT NULL AUTO_INCREMENT,
  nombre varchar(40) NOT NULL,
  precio int(11) NOT NULL,
  descripcion varchar(200) NOT NULL,
  cd_proveedor int(11) NOT NULL,
  PRIMARY KEY (cd_producto)
)
ENGINE = INNODB,
AUTO_INCREMENT = 21,
AVG_ROW_LENGTH = 819,
CHARACTER SET utf8,
COLLATE utf8_general_ci;

--
-- Create foreign key
--
ALTER TABLE productos
ADD CONSTRAINT fk_productos_proveedores FOREIGN KEY (cd_proveedor)
REFERENCES proveedores (cd_proveedor) ON DELETE CASCADE ON UPDATE CASCADE;

--
-- Create table `r_ventas_productos`
--
CREATE TABLE r_ventas_productos (
  id int(11) NOT NULL AUTO_INCREMENT,
  n_venta int(11) NOT NULL,
  cd_producto int(11) NOT NULL,
  cantidad int(11) NOT NULL,
  PRIMARY KEY (id)
)
ENGINE = INNODB,
AUTO_INCREMENT = 26,
AVG_ROW_LENGTH = 655,
CHARACTER SET utf8,
COLLATE utf8_general_ci;

--
-- Create foreign key
--
ALTER TABLE r_ventas_productos
ADD CONSTRAINT r_ventas_productos_ibfk_1 FOREIGN KEY (n_venta)
REFERENCES ventas (n_venta) ON DELETE CASCADE ON UPDATE CASCADE;

--
-- Create foreign key
--
ALTER TABLE r_ventas_productos
ADD CONSTRAINT r_ventas_productos_ibfk_2 FOREIGN KEY (cd_producto)
REFERENCES productos (cd_producto);

--
-- Create table `empleados`
--
CREATE TABLE empleados (
  cd_empleado int(11) NOT NULL AUTO_INCREMENT,
  dni varchar(9) NOT NULL,
  nombre varchar(20) NOT NULL,
  apellidos varchar(50) NOT NULL,
  direccion varchar(50) NOT NULL,
  email varchar(50) NOT NULL,
  telefono varchar(15) NOT NULL,
  PRIMARY KEY (cd_empleado)
)
ENGINE = INNODB,
AUTO_INCREMENT = 11,
AVG_ROW_LENGTH = 1638,
CHARACTER SET utf8,
COLLATE utf8_general_ci;

--
-- Create table `reparaciones`
--
CREATE TABLE reparaciones (
  cd_reparacion int(9) NOT NULL AUTO_INCREMENT,
  motivo varchar(40) NOT NULL,
  mot_detalles varchar(200) NOT NULL,
  diagnostico varchar(200) DEFAULT NULL,
  f_recepcion date DEFAULT NULL,
  coste int(11) DEFAULT NULL,
  estado bit(1) DEFAULT NULL,
  n_venta int(11) NOT NULL,
  cd_empleado int(11) DEFAULT NULL,
  PRIMARY KEY (cd_reparacion)
)
ENGINE = INNODB,
AUTO_INCREMENT = 22,
AVG_ROW_LENGTH = 780,
CHARACTER SET utf8,
COLLATE utf8_general_ci;

--
-- Create foreign key
--
ALTER TABLE reparaciones
ADD CONSTRAINT fk_reparaciones_empleados FOREIGN KEY (cd_empleado)
REFERENCES empleados (cd_empleado);

--
-- Create foreign key
--
ALTER TABLE reparaciones
ADD CONSTRAINT fk_reparaciones_ventas FOREIGN KEY (n_venta)
REFERENCES ventas (n_venta) ON DELETE CASCADE ON UPDATE CASCADE;

-- 
-- Dumping data for table tickets
--
INSERT INTO tickets VALUES
('T12345', '56789123I', 'Clara', 'Romero González', 'Calle Guevara, 1, Santander', 'clararomero@email.com', '634567890', 'W1thR@nd0m'),
('T12556', '12345678A', 'Marta', 'López Sánchez', 'Calle General Dávila, 119, Santander', 'martalopez@email.com', '633367980', '4n0th3rR@nd0m'),
('T32468', '', '', '', '', '', '', 'R3@llyRandom!'),
('T34567', '98765432D', 'Luis', 'Sánchez Álvarez', 'Calle Castilla-Hermida, 10, Santander', 'luissanchez@email.com', '678641334', 'W1thTh1s'),
('T43219', '34567891E', 'Sofía', 'Pérez Rodríguez', 'Avenida del Faro, 8, Santander', 'sofiaperez@email.com', '989012345', 'RandomP@ss'),
('T54567', '87654321B', 'Pedro', 'Ortiz Navarro', 'Calle José María de Pereda, 22, Santander', 'pedroortiz@email.com', '600111222', 'L3tsG0!'),
('T63684', '', '', '', '', '', '', 'M0r3R@nd0m!'),
('T67223', '23456789C', 'Lucía', 'Jiménez Moreno', 'Calle Francisco Tomás y Valiente, 1, Santander', 'luciajimenez@email.com', '612987678', 'H@v3F@n'),
('T67890', '19876543F', 'David', 'Rubio Flores', 'Calle Antonio Mendoza, 3, Santander', 'davidrubio@email.com', '656789012', '4nd!tH3n'),
('T78612', '23456789J', 'Pablo', 'Gallego Costa', 'Paseo de Canalejas, 12, Santander', 'pablogallego@email.com', '666345978', '3v3ryT1m3'),
('T78901', '90123456H', 'Jordi', 'Vega Nieto', 'Calle Vargas, 53, Santander', 'jordivega@email.com', '657890123', '1nTh3SQL'),
('T82596', '', '', '', '', '', '', 'R@nd0mV@1u3'),
('T90123', '45678912G', 'Mireia', 'Jiménez Sánchez', 'Calle Alta, 59, Santander', 'mireiajimenez@email.com', '654321098', 'V@r1@bl3T3xt');

-- 
-- Dumping data for table proveedores
--
INSERT INTO proveedores VALUES
(1, 'A1234567B', 'Turing Tech', 'C/ Silicon Valley 123', 'info@turingtech.com'),
(2, 'C4567890D', 'Gates Corp', 'Avda. Redmond 456', 'info@gatescorp.com'),
(3, 'E6789012F', 'Jobs & Co', 'Rue de la Pomme 789', 'info@jobsco.com'),
(4, 'G2345678H', 'Zuckerberg Ind.', 'Broadway 456', 'info@zuckerbergindustries.com'),
(5, 'M3456789N', 'Musk Technologies', 'Rocket Road 678', 'info@musktec.com'),
(6, 'W0123456X', 'Ellison Tech', 'Sailboat Way 456', 'info@ellisontech.com'),
(7, 'Y7890123Z', 'Adobe Inc', 'Park Avenue 789', 'info@adobeinc.com'),
(8, 'D0123456E', 'Facebook Inc', 'Hacker Way 456', 'info@facebookinc.com'),
(9, 'F7890123G', 'HP Inc', 'Northwest Fwy 789', 'info@hpinc.com'),
(10, 'N8901234O', 'Microsoft Corp', 'Microsoft Way 789', 'info@microsoftcorp.com'),
(11, 'Q5678901R', 'Nvidia Corp', 'San Tomas Expy 123', 'info@nvidiacorp.com'),
(12, 'T2345678U', 'Samsung Electronics', 'Seocho District 456', 'info@samsungelec.com'),
(13, 'V9012345W', 'Sony Corp', 'Minato 789', 'info@sonycorp.com');

-- 
-- Dumping data for table productos
--
INSERT INTO productos VALUES
(1, 'Macbook Pro', 1500, 'Portátil de alta gama para profesionales', 1),
(2, 'iPhone 13 Pro', 1200, 'Teléfono inteligente de última generación', 2),
(3, 'Samsung Galaxy S21', 1000, 'Teléfono inteligente de alta gama', 3),
(4, 'Dell XPS 13', 1200, 'Portátil ultraligero con pantalla táctil', 4),
(5, 'Logitech MX Master 3', 100, 'Ratón inalámbrico avanzado para ordenadores', 5),
(6, 'AMD Ryzen 9 5900X', 550, 'Procesador de alta gama para ordenadores', 6),
(7, 'Nvidia GeForce RTX 3080', 1000, 'Tarjeta gráfica de última generación', 7),
(8, 'Sony Alpha A7 III', 2000, 'Cámara de fotograma completo con lentes intercambiables', 8),
(9, 'Canon EOS R5', 3500, 'Cámara de fotograma completo de alta gama con lentes intercambiables', 9),
(10, 'Samsung Odyssey G9', 1500, 'Monitor gaming ultrawide curvo de 49 pulgadas', 10),
(11, 'Logitech G Pro X', 130, 'Auriculares para gaming con micrófono desmontable', 11),
(12, 'Apple AirPods Pro', 200, 'Auriculares inalámbricos con cancelación de ruido', 12),
(13, 'LG OLED C1', 2000, 'Televisor OLED de alta gama con resolución 4K', 1),
(14, 'Razer Blackwidow V3 Pro', 250, 'Teclado mecánico inalámbrico para gaming', 1),
(15, 'Microsoft Surface Laptop 4', 1000, 'Portátil de gama media con pantalla táctil', 2),
(16, 'AMD Radeon RX 6600 XT', 450, 'Tarjeta gráfica de gama media para ordenadores', 4),
(17, 'Corsair K95 Platinum XT', 200, 'Teclado mecánico para gaming con retroiluminación RGB', 7),
(18, 'Seagate Expansion Portable', 80, 'Disco duro externo portátil de 2 TB', 8),
(19, 'HP Spectre x360', 1300, 'Portátil convertible con pantalla táctil y lápiz óptico', 9),
(20, 'Amazon Echo Dot', 50, 'Altavoz inteligente con asistente virtual Alexa', 11);

-- 
-- Dumping data for table ventas
--
INSERT INTO ventas VALUES
(1, '2023-09-11', 'T12556'),
(2, '2023-10-29', 'T54567'),
(3, '2023-11-16', 'T67223'),
(4, '2023-12-24', 'T34567'),
(5, '2023-09-10', 'T43219'),
(6, '2023-10-09', 'T67890'),
(7, '2023-10-10', 'T90123'),
(8, '2023-09-19', 'T78901'),
(9, '2023-10-15', 'T12345'),
(10, '2023-10-06', 'T78612'),
(11, '2023-09-30', 'T82596'),
(12, '2023-11-02', 'T63684'),
(13, '2023-11-08', 'T32468');

-- 
-- Dumping data for table empleados
--
INSERT INTO empleados VALUES
(1, '12345678Z', 'María', 'García Pérez', 'Calle Castilla, 3, Santander', 'mariagarcia@email.com', '912345678'),
(2, '87654321X', 'Juan', 'Martínez Gómez', 'Paseo Pereda, 34, Santander', 'juanmartinez@email.com', '654321098'),
(3, '23456789D', 'Laura', 'González Ruiz', 'Calle Burgos, 2, Santander', 'lauragonzalez@email.com', '656789012'),
(4, '98765432M', 'Antonio', 'Sánchez García', 'Avenida del Deporte, s/n, Santander', 'antoniosanchez@email.com', '601234567'),
(5, '34567891H', 'Isabel', 'Hernández Gutiérrez', 'Paseo de Menéndez Pelayo, 32, Santander', 'isabelhernandez@email.com', '689012345'),
(6, '19876543N', 'Carlos', 'Jiménez López', 'Calle de Lealtad, 3, Santander', 'carlosjimenez@email.com', '634567890'),
(7, '45678912S', 'Ana', 'Pérez Fernández', 'Calle Alta, 82, Santander', 'anaperez@email.com', '678901234'),
(8, '90123456A', 'Javier', 'Sanz Torres', 'Calle de Isabel la Católica, 30, Santander', 'javiersanz@email.com', '657890123'),
(9, '56789123F', 'Sara', 'Romero García', 'Calle de Peña Herbosa, 10, Santander', 'sararomero@email.com', '634567890'),
(10, '67890123B', 'Diego', 'Ruiz Martínez', 'Avenida de los Infantes, 16, Santander', 'diegoruiz@email.com', '612345678');

-- 
-- Dumping data for table telefonos_proveedores
--
INSERT INTO telefonos_proveedores VALUES
('+1 (234) 567-8901', 1),
('+39 06 1234567', 1),
('+66 2 123 4567', 1),
('+41 44 123 45 67', 2),
('+33 1 23 45 67 89', 3),
('+44 123 456 7890', 3),
('+52 55 1234 5678', 3),
('+57 1 2345678', 3),
('+31 20 123 45 67', 4),
('+49 30 1234567', 5),
('+61 2 1234 5678', 5),
('+354 123 4567', 6),
('+55 11 1234-5678', 7),
('+81 3-1234-5678', 7),
('+86 10 1234 5678', 7),
('+971 4 123 4567', 7),
('+34 912 34 56 78', 8),
('+52 322 123 4567', 8),
('+52 664 123 4567', 8),
('+64 3-123 4567', 9),
('+86 755 1234 5678', 9),
('+420 123 456 789', 10),
('+972 2-123-4567', 10),
('+358 9 1234567', 11),
('+43 1 2345678', 11),
('+46 8 123 45 67', 11),
('+27 21 123 4567', 12),
('+45 12 34 56 78', 12);

-- 
-- Dumping data for table r_ventas_productos
--
INSERT INTO r_ventas_productos VALUES
(1, 3, 1, 6),
(2, 3, 2, 9),
(3, 3, 4, 4),
(4, 3, 10, 6),
(5, 3, 13, 1),
(6, 3, 16, 8),
(7, 3, 20, 5),
(8, 5, 3, 3),
(9, 5, 9, 3),
(10, 5, 15, 7),
(11, 5, 17, 6),
(12, 6, 15, 8),
(13, 6, 18, 3),
(14, 6, 19, 3),
(15, 7, 6, 2),
(16, 7, 7, 8),
(17, 7, 10, 7),
(18, 7, 11, 2),
(19, 7, 12, 4),
(20, 7, 15, 5),
(21, 7, 20, 2),
(22, 13, 3, 1),
(23, 13, 7, 8),
(24, 13, 11, 1),
(25, 13, 15, 1);

-- 
-- Dumping data for table reparaciones
--
INSERT INTO reparaciones VALUES
(1, 'Problemas de rendimiento', 'El portátil se ralentiza y tarda mucho en abrir las aplicaciones.', 'Limpieza del sistema y reemplazo del disco duro.', '2023-01-05', 200, True, 1, 1),
(2, 'Batería estropeada', '', 'Reemplazo de la batería.', '2023-01-10', 80, True, 2, 2),
(3, 'Problemas de conexión WiFi', 'El cliente no puede conectarse a redes WiFi.', 'Actualización del controlador de la tarjeta de red.', '2023-01-12', 100, True, 2, 3),
(4, 'Teclado roto', 'Algunas teclas no funcionan correctamente.', 'Reemplazo del teclado.', '2023-01-15', 120, False, 4, 4),
(5, 'No se enciende', 'El portátil no se enciende.', 'Reemplazo de la placa base.', '2023-01-20', 300, True, 4, 4),
(6, 'Pantalla negra', 'La pantalla se queda en negro al arrancar el portátil.', 'Reinstalación del sistema operativo.', '2023-01-25', 150, False, 5, 4),
(7, 'Problemas de sonido', 'No se escucha ningún sonido en el portátil.', 'Reemplazo de la tarjeta de sonido.', '2023-02-01', 100, True, 6, 5),
(8, 'Virus informático', 'El portátil está infectado por un virus.', 'Eliminación de virus y actualización del antivirus.', '2023-02-05', 150, True, 6, 5),
(9, 'Sobrecalentamiento', 'El portátil se calienta demasiado y se apaga solo.', 'Limpieza del sistema de ventilación.', '2023-02-10', 80, False, 6, 6),
(10, 'Pantalla rota', '', 'Reemplazo de la pantalla.', '2023-02-15', 120, True, 6, 7),
(11, 'Problemas de rendimiento', 'El equipo va muy lento al arrancar', 'Se cambió el disco duro y se reinstaló el sistema operativo', '2023-02-20', 150, False, 8, 7),
(12, 'Pantalla en negro', 'La pantalla no muestra ninguna imagen', 'Se reemplazó la tarjeta gráfica', '2023-02-25', 200, False, 8, 8),
(13, 'Pantalla rota', 'El cliente dejó caer el portátil y la pantalla se rompió.', 'Reemplazo de pantalla.', '2023-01-02', 150, NULL, 1, 5),
(14, 'Virus informático', 'El equipo está infectado con un virus', 'Se eliminaron los virus y se instaló un programa antivirus', '2023-03-05', 100, NULL, 11, 9),
(15, 'Recalentamiento', 'El equipo se apaga por sobrecalentamiento', 'Se limpiaron los ventiladores y se reemplazó la pasta térmica', '2023-03-15', 180, NULL, 11, 9),
(16, 'Ruidos extraños', 'El equipo hace ruidos extraños', 'Se reemplazaron los ventiladores', '2023-03-10', 90, NULL, 12, 10),
(17, 'Problemas con el sonido', 'No se escucha ningún sonido', 'Se reinstaló el controlador de audio', '2023-03-12', 70, NULL, 12, 10),
(18, 'Pantalla rota', 'La pantalla está rota', 'Se reemplazó la pantalla', '2023-03-02', 250, NULL, 12, 1),
(19, 'Fallo en el disco duro', 'El equipo no reconoce el disco duro', 'Se reemplazó el disco duro y se recuperaron los datos', '2023-03-04', 300, NULL, 12, 2),
(20, 'No enciende', 'El equipo no se enciende', NULL, NULL, NULL, NULL, 9, NULL),
(21, 'Problemas con el teclado', 'El teclado no funciona correctamente', NULL, NULL, NULL, NULL, 10, NULL);

-- 
-- Restore previous SQL mode
-- 
/*!40101 SET SQL_MODE=@OLD_SQL_MODE */;

-- 
-- Enable foreign keys
-- 
/*!40014 SET FOREIGN_KEY_CHECKS = @OLD_FOREIGN_KEY_CHECKS */;